source_id,name,ra_deg_j1991_25,dec_deg_j1991_25,pmra_mas_yr,pmdec_mas_yr,mag,is_polaris
513,HIP 513,1.54746485,87.88938595,-9.03,15.82,9.1036,false
705,HIP 705,2.19740240,86.78789828,331.45,-6.63,8.5387,false
1284,HIP 1284,4.02181573,88.40120934,5.30,-6.55,9.1870,false
3128,HIP 3128,9.93427094,89.44429274,-11.90,4.54,8.2812,false
3133,HIP 3133,9.95592105,87.79673412,48.08,6.30,9.1161,false
5122,HIP 5122,16.40698549,87.31879485,310.23,79.80,8.9204,false
5372,HIP 5372,17.18399735,86.25711803,80.34,-11.36,4.4059,false
5928,HIP 5928,19.05251889,87.14554531,49.99,-20.22,6.3642,false
6913,HIP 6913,22.25518267,86.93306587,-13.05,10.65,8.5419,false
7283,HIP 7283,23.45214999,89.01571833,64.92,-32.43,6.5024,false
8846,HIP 8846,28.44520044,88.55166287,35.83,-11.06,8.0284,false
9614,HIP 9614,30.89305674,86.93182634,49.38,-11.10,8.1937,false
11767,Polaris,37.94614689,89.26413805,44.22,-11.74,2.1077,true
11980,HIP 11980,38.63128300,88.47114297,52.68,-46.80,8.2093,false
14285,HIP 14285,46.03454378,87.02605568,-31.92,14.67,7.9406,false
16191,HIP 16191,52.14807322,87.39470345,-0.58,-2.86,9.2529,false
16754,HIP 16754,53.88797052,86.39978559,23.44,-20.78,9.1222,false
17195,HIP 17195,55.23321118,89.10495838,-52.23,-31.20,8.1893,false
17673,HIP 17673,56.78434422,87.89684377,42.91,-44.24,8.9181,false
19454,HIP 19454,62.50093270,86.62635165,142.70,-87.62,5.9267,false
24396,HIP 24396,78.50395198,88.22202521,-12.61,7.04,8.6786,false
25029,HIP 25029,80.38846974,86.86637898,-30.77,36.95,8.6548,false
25267,HIP 25267,81.05773817,86.28978155,6.67,-25.31,8.0401,false
31721,HIP 31721,99.53719080,87.29669721,0.31,-20.81,8.3823,false
32948,HIP 32948,102.94698942,86.68459703,0.12,-105.18,6.7604,false
36324,HIP 36324,112.16212696,88.63717825,-0.18,-37.98,9.4061,false
37391,HIP 37391,115.12954787,87.02015634,-53.48,-26.85,5.1339,false
38115,HIP 38115,117.16405761,86.33381857,-5.92,-17.58,8.8686,false
38225,HIP 38225,117.47528014,86.36560204,-68.70,-133.95,8.0101,false
40335,HIP 40335,123.53647579,87.69242518,-33.49,-36.86,9.2132,false
41118,HIP 41118,125.84780501,86.37867042,-9.76,-7.52,8.3583,false
44490,HIP 44490,135.97147688,86.87710251,-27.22,-42.78,8.8362,false
45919,HIP 45919,140.45342894,88.57030562,-12.02,16.51,7.1441,false
47953,HIP 47953,146.58251561,89.56940851,8.94,7.52,9.1183,false
48163,HIP 48163,147.26016572,86.85201160,-39.15,-24.67,8.3511,false
48677,HIP 48677,148.92385151,86.44180756,-14.20,18.87,8.8583,false
49768,HIP 49768,152.38593872,86.57655371,-31.66,-43.27,7.9175,false
51515,HIP 51515,157.82895611,87.27095673,-16.70,-21.67,8.4278,false
52908,HIP 52908,162.30817376,87.85894296,-24.68,-6.27,8.8885,false
55483,HIP 55483,170.44912439,87.63845987,9.36,9.62,7.5058,false
57992,HIP 57992,178.42412743,86.22977450,-222.72,241.25,8.4262,false
58531,HIP 58531,180.04512436,86.99444426,-38.40,-4.73,8.1170,false
59415,HIP 59415,182.81815815,86.93206181,-22.56,-3.00,8.2050,false
59767,HIP 59767,183.83612872,87.69998919,-27.15,51.95,6.3502,false
59879,HIP 59879,184.20562629,86.43584319,211.86,-10.06,6.4269,false
62945,HIP 62945,193.48427190,87.64828980,-10.13,10.96,7.6254,false
63762,HIP 63762,196.03421827,87.11499041,-99.82,181.74,8.9430,false
64486,HIP 64486,198.27293066,86.31627735,-24.89,-2.36,8.8664,false
67951,HIP 67951,208.73941928,87.39557828,1.27,11.54,8.9819,false
70360,HIP 70360,215.93666173,87.97457522,16.86,25.41,9.1761,false
71030,HIP 71030,217.91034441,88.85886251,19.43,-9.47,8.7698,false
71725,HIP 71725,220.07685446,87.21471827,-10.80,21.68,7.0256,false
73264,HIP 73264,224.59368634,87.00628486,-49.33,-3.12,8.2371,false
75576,HIP 75576,231.58717677,87.43540072,-37.43,21.97,9.2036,false
79069,HIP 79069,242.11405869,86.19983633,-11.71,16.71,8.6655,false
79176,HIP 79176,242.39474049,88.51173994,2.91,2.99,9.3770,false
80223,HIP 80223,245.65417452,88.60603030,1.41,26.10,8.4736,false
82019,HIP 82019,251.31850023,86.06975776,-36.37,40.00,8.4154,false
82281,HIP 82281,252.18043920,88.15620561,-2.36,13.61,8.2246,false
82763,HIP 82763,253.72326732,87.73427826,-16.32,-6.63,9.1313,false
82931,HIP 82931,254.22100298,86.83789492,-30.71,56.15,9.2873,false
82968,HIP 82968,254.32523355,86.84446974,-31.83,54.93,8.4484,false
84535,HIP 84535,259.23858572,89.03771546,-23.03,-3.07,6.3878,false
84858,HIP 84858,260.15142399,87.37537892,17.02,0.40,8.4010,false
85699,HIP 85699,262.69570753,86.96802383,56.09,9.68,5.8350,false
85822,HIP 85822,263.05373826,86.58632924,10.54,53.97,4.3641,false
87663,HIP 87663,268.59910176,86.55860466,1.10,21.17,7.8361,false
88846,HIP 88846,272.05117499,88.82277953,-16.98,6.07,8.3813,false
89465,HIP 89465,273.86952400,86.65768383,-5.60,27.77,6.5755,false
90298,HIP 90298,276.37324771,87.80912962,6.79,-4.95,8.6479,false
91099,HIP 91099,278.73706000,87.29199369,15.65,-2.38,8.5536,false
94010,HIP 94010,287.10705380,86.93653974,-0.46,-6.57,9.3602,false
94267,HIP 94267,287.81411558,86.07920945,40.33,1.60,8.8298,false
95788,HIP 95788,292.24353869,86.63121591,7.89,22.53,8.9349,false
96821,HIP 96821,295.19859127,87.92233744,4.43,-12.84,8.1691,false
98913,HIP 98913,301.27635510,86.26592012,-16.64,-31.86,8.7246,false
101444,HIP 101444,308.38523834,88.06718250,5.11,22.86,9.4001,false
101884,HIP 101884,309.69815611,89.40653468,-2.27,-11.63,9.0005,false
102243,HIP 102243,310.76383557,86.88949974,18.14,20.80,9.2085,false
102646,HIP 102646,311.99726413,87.53739706,35.26,23.30,8.6175,false
103435,HIP 103435,314.34239447,87.03262539,14.93,17.71,7.4606,false
106030,HIP 106030,322.13558318,87.00173513,13.81,17.33,8.4678,false
106641,HIP 106641,324.00722240,87.78378287,38.77,40.81,8.4712,false
106732,HIP 106732,324.30654644,86.44139429,13.67,16.97,9.0254,false
108862,HIP 108862,330.80485050,88.07302911,27.46,13.75,7.4956,false
109693,HIP 109693,333.29239384,86.10785672,51.31,40.32,5.2659,false
109694,HIP 109694,333.29455184,86.22134932,32.91,5.30,6.7504,false
111103,HIP 111103,337.62037216,86.52955831,18.53,46.95,9.4564,false
111244,HIP 111244,338.07407917,87.28455761,-8.52,-8.29,8.2659,false
115109,HIP 115109,349.72298355,86.05659728,-1.37,12.71,8.7295,false
115550,HIP 115550,351.08713678,86.41774505,-20.73,17.69,6.6810,false
115746,HIP 115746,351.74966274,87.30745696,76.90,19.35,5.6313,false
115753,HIP 115753,351.77049352,86.00814429,-1.03,-6.77,7.7342,false
115813,HIP 115813,351.93345742,86.55876618,-43.93,34.55,7.3057,false
116109,HIP 116109,352.89136702,86.17808401,-7.09,-10.98,7.1507,false
117008,HIP 117008,355.80010697,88.34201833,29.12,6.27,9.0661,false
118285,HIP 118285,359.87655685,86.70640708,36.25,-1.48,6.7823,false
